<?xml version="1.0" encoding="UTF-8" standalone="yes"?>
<plugins>
    <pluginInfo version-no="6.5.0.QA_v201506261950_r3" plugin-id="com.pat.tool.keditor.KEditorPlugin" plugin-name="Kony Studio"/>
    <pluginInfo version-no="6.0.3.GA_v201503251251" plugin-name="Third Party Jars Plug-in"/>
    <pluginInfo version-no="6.0.3.GA_v201503251251" plugin-id="com.pat.soapui.SoapUIPlugin" plugin-name="Soap UI Plugin"/>
    <pluginInfo version-no="6.5.0.QA_v201506262004_r2" plugin-name="Kony Codegenerator"/>
    <pluginInfo version-no="6.0.3.GA_v201503251255" plugin-id="com.kony.nativecodegen.NativeCodeGenPlugin" plugin-name="Nativecodegen"/>
    <pluginInfo version-no="6.0.3.GA_v201503251251" plugin-name="Kony Studio Licensing"/>
    <pluginInfo version-no="6.0.3.GA_v201503261240" plugin-id="com.kony.cloudmiddleware.Activator" plugin-name="CloudMiddlewarePlugin"/>
    <pluginInfo version-no="6.0.3.GA_v201503261240" plugin-id="com.kony.cloudthirdparty.Activator" plugin-name="CloudThirdPartyPlugin"/>
    <pluginInfo version-no="6.0.3.GA_v201503251754" plugin-id="com.viz.ide.VisualiserIDEPlugin" plugin-name="Visualizer Integration Plugin"/>
    <pluginInfo version-no="6.0.3.GA_v201503251722" plugin-id="com.kony.studio.cloud.StudioCloudPlugin" plugin-name="Kony Studio Cloud Integration"/>
    <pluginInfo version-no="6.0.3.GA_v201503251722" plugin-id="com.kony.studio.sky.SkyPlugin" plugin-name="Sky Data Explorer"/>
    <pluginInfo version-no="6.0.3.GA_v201503251758" plugin-name="Functional Preview Plugin"/>
    <pluginInfo version-no="6.5.0.QA_v201506300011_r6" plugin-id="com.pat.android.Activator" plugin-name="Tablet Android"/>
    <pluginInfo version-no="6.0.3.GA_v201503251719" plugin-id="com.pat.j2me.J2MEPlugin" plugin-name="Blackberry &amp; J2ME"/>
    <pluginInfo version-no="6.5.0.QA_v201506210947_r5" plugin-id="com.kony.windows.WindowsPhone8Plugin" plugin-name="Windows Phone 8 Plug-in"/>
    <pluginInfo version-no="6.5.0.QA_v201506210856_r5" plugin-id="com.kony.windows.Windows8Plugin" plugin-name="Windows 8.1 Plug-in"/>
    <pluginInfo version-no="6.5.0.QA_v201506300011_r6" plugin-id="com.pat.android.Activator" plugin-name="Android"/>
    <pluginInfo version-no="6.5.1.QA_v201506091802" plugin-id="thinclientplugin.Activator" plugin-name="ThinClient"/>
    <pluginInfo version-no="6.5.0.QA_v201506172250_r3" plugin-id="com.kony.windows.WinDesktopPlugin" plugin-name="Windows Desktop Plug-in"/>
    <pluginInfo version-no="6.5.0.QA_v201506301824_r2" plugin-name="SPA"/>
    <pluginInfo version-no="6.5.0.QA_v201506301807_r2" plugin-name="Desktop Web"/>
    <pluginInfo version-no="6.0.3.GA_v201503252210" plugin-id="com.kony.sync.ide.SyncPlugin" plugin-name="Kony Sync"/>
    <pluginInfo version-no="6.5.0.QA_v201506301953_r3" plugin-id="com.kony.web.Activator" plugin-name="Kony Web Commons"/>
    <pluginInfo version-no="6.5.0.Test_v201507012104_r8" plugin-id="iosplugin.Activator" plugin-name="iOS Plugin"/>
    <pluginInfo version-no="6.5.0.QA_v201506122345_r1" plugin-id="com.kony.mobile.fabric.client.sdk.MBaasSDKPlugin" plugin-name="MobileFabric Client SDK"/>
</plugins>
