<?xml version="1.0" encoding="UTF-8" standalone="yes"?>
<application id="sampleApplePay" name="sampleApplePay">
    <container isflex="false" displayname="Popup" id="hdr1" type="dialog"/>
    <container isflex="false" displayname="Popup" id="segSectionHeader" type="dialog"/>
    <container isflex="false" displayname="Form" id="frmCheckout" type="form"/>
    <container isflex="false" displayname="Form" id="frmDetails" type="form">
        <component displayname="ComboBox" id="itemQuantity" type="combobox"/>
    </container>
    <container isflex="false" displayname="Form" id="frmHome" type="form"/>
    <container isflex="false" displayname="Form" id="test" type="form"/>
    <globalsequences/>
    <skins/>
</application>
