<application name="sampleApplePay"><globalsequences><event id = "test_button16664216398_onClick" name="onClick" sequenceid="seq0" sequencename="test_button16664216398_onClick_seq0" platform="general"><params><param name="eventobject" value="eventobject"/></params><sequence id = "seq0" enabled="true"><action type="invokeService" id="act0" enabled="true"><service id="TestSer" servicecall="2" secure="false" resulttablevar="TestSer" callbackseq="seq1"><mappings><mapping dest="TestSer.nameStr" desttype="service" destwidgettype="" destdatatype="string" mdestplatform="0" mdestprefix="" destnorender="" destplatform="general" src="test.button16664216398.text" srctype="widget" srcwidgettype="Button" srcdatatype="string" msrcplatform="0" msrcprefix="" srcvalue="" srcnorender="" /><mapping dest="TestSer.dataValueStr" desttype="service" destwidgettype="" destdatatype="string" mdestplatform="0" mdestprefix="" destnorender="" destplatform="general" src="test.button16664216398.text" srctype="widget" srcwidgettype="Button" srcdatatype="string" msrcplatform="0" msrcprefix="" srcvalue="" srcnorender="" /></mappings><httpheaders></httpheaders><httpconfigs></httpconfigs></service></action></sequence><sequence id = "seq1" enabled="true"><params><param name="status" value="status"/><param name="TestSer" value="TestSer"/></params></sequence></event></globalsequences></application>