<?xml version="1.0" encoding="UTF-8" standalone="yes"?><application desc="" id="sampleApplePay" name="" smscode=""><app-config><config-param name="userid" value=""/><config-param name="preprocessorname" value=""/><config-param name="urlprovider" value=""/><config-param name="dataprovider" value=""/><config-param name="postprocessorname" value=""/><config-param name="sockettimeout" value=""/><config-param name="includecookies" value=""/><config-param name="cachable" value="false"/><config-param name="cacheduration" value=""/><config-param name="responseEncoding" value="UTF-8"/><config-param name="isembedxmlpresent" value="false"/><config-param name="ignorehttpproxy" value=""/><config-param name="server.auth.mode" value="basic"/><config-param name="server.auth.host" value=""/><config-param name="server.auth.ntlm.domain" value=""/><config-param name="ispasswordencrypted" value="false"/></app-config><services><service serviceGroup="" cachable="false" cacheduration="" groupType="" id="TestSer" type="plainxmlserviceConnector" smscode="" smsenabled="false"><service-config><config-param name="endpointUrl" value="https://api.authorize.net/xml/v1/request.api"/><config-param name="postprocessorname" value=""/><config-param name="preprocessorname" value="com.kony.preprocessors.FingerPrintGeneration"/><config-param name="urlprovider" value=""/><config-param name="dataprovider" value=""/><config-param name="sockettimeout" value=""/><config-param name="includecookies" value=""/><config-param name="proxyname" value=""/><config-param name="proxyport" value=""/><config-param name="proxyusername" value=""/><config-param name="http.method" value="POST"/><config-param name="isembedxmlpresent" value="false"/><config-param name="ignorehttpproxy" value="false"/><config-param name="responseEncoding" value="UTF-8"/><config-param name="server.auth.mode" value="basic"/><config-param name="server.auth.host" value=""/><config-param name="server.auth.ntlm.domain" value=""/></service-config><service-input><header datatype="" name=""><param datatype="string" value="" encode="false" format="None" formatvalue="" name="Content-Type" order="" sms-name="" src="" srcformatvalue="" target="" targetdatatype=""><accessType></accessType></param></header><param datatype="string" value="venkatd" encode="false" format="" formatvalue="" name="nameStr" order="" sms-name="" src="request" srcformatvalue="" target="" targetdatatype=""><accessType></accessType></param><param datatype="string" value="saddalad" encode="false" format="" formatvalue="" name="dataValueStr" order="" sms-name="" src="request" srcformatvalue="" target="" targetdatatype=""><accessType></accessType></param><param datatype="string" value="none" encode="false" format="" formatvalue="" name="hashValueStr" order="" sms-name="" src="request" srcformatvalue="" target="" targetdatatype=""><accessType></accessType></param><param datatype="string" value="none" encode="false" format="" formatvalue="" name="seq" order="" sms-name="" src="request" srcformatvalue="" target="" targetdatatype=""><accessType></accessType></param><param datatype="string" value="none" encode="false" format="" formatvalue="" name="stamp" order="" sms-name="" src="request" srcformatvalue="" target="" targetdatatype=""><accessType></accessType></param><param datatype="string" value="none" encode="false" format="" formatvalue="" name="itemIdVar" order="" sms-name="" src="request" srcformatvalue="" target="" targetdatatype=""><accessType></accessType></param><param datatype="string" value="none" encode="false" format="" formatvalue="" name="nameVar" order="" sms-name="" src="request" srcformatvalue="" target="" targetdatatype=""><accessType></accessType></param><param datatype="string" value="none" encode="false" format="" formatvalue="" name="descVar" order="" sms-name="" src="request" srcformatvalue="" target="" targetdatatype=""><accessType></accessType></param><param datatype="string" value="none" encode="false" format="" formatvalue="" name="quantityVar" order="" sms-name="" src="request" srcformatvalue="" target="" targetdatatype=""><accessType></accessType></param><param datatype="string" value="none" encode="false" format="" formatvalue="" name="unitPriceVar" order="" sms-name="" src="request" srcformatvalue="" target="" targetdatatype=""><accessType></accessType></param><param datatype="string" value="none" encode="false" format="" formatvalue="" name="billFirstName" order="" sms-name="" src="request" srcformatvalue="" target="" targetdatatype=""><accessType></accessType></param><param datatype="string" value="none" encode="false" format="" formatvalue="" name="billLastName" order="" sms-name="" src="request" srcformatvalue="" target="" targetdatatype=""><accessType></accessType></param><param datatype="string" value="none" encode="false" format="" formatvalue="" name="billAddress" order="" sms-name="" src="request" srcformatvalue="" target="" targetdatatype=""><accessType></accessType></param><param datatype="string" value="none" encode="false" format="" formatvalue="" name="billCity" order="" sms-name="" src="request" srcformatvalue="" target="" targetdatatype=""><accessType></accessType></param><param datatype="string" value="none" encode="false" format="" formatvalue="" name="billState" order="" sms-name="" src="request" srcformatvalue="" target="" targetdatatype=""><accessType></accessType></param><param datatype="string" value="none" encode="false" format="" formatvalue="" name="billZip" order="" sms-name="" src="request" srcformatvalue="" target="" targetdatatype=""><accessType></accessType></param><param datatype="string" value="none" encode="false" format="" formatvalue="" name="billCountry" order="" sms-name="" src="request" srcformatvalue="" target="" targetdatatype=""><accessType></accessType></param><param datatype="string" value="none" encode="false" format="" formatvalue="" name="billPhoneNumber" order="" sms-name="" src="request" srcformatvalue="" target="" targetdatatype=""><accessType></accessType></param><param datatype="string" value="none" encode="false" format="" formatvalue="" name="shipFirstName" order="" sms-name="" src="request" srcformatvalue="" target="" targetdatatype=""><accessType></accessType></param><param datatype="string" value="none" encode="false" format="" formatvalue="" name="shipLastName" order="" sms-name="" src="request" srcformatvalue="" target="" targetdatatype=""><accessType></accessType></param><param datatype="string" value="none" encode="false" format="" formatvalue="" name="shipAddress" order="" sms-name="" src="request" srcformatvalue="" target="" targetdatatype=""><accessType></accessType></param><param datatype="string" value="none" encode="false" format="" formatvalue="" name="shipCity" order="" sms-name="" src="request" srcformatvalue="" target="" targetdatatype=""><accessType></accessType></param><param datatype="string" value="none" encode="false" format="" formatvalue="" name="shipState" order="" sms-name="" src="request" srcformatvalue="" target="" targetdatatype=""><accessType></accessType></param><param datatype="string" value="none" encode="false" format="" formatvalue="" name="shipZip" order="" sms-name="" src="request" srcformatvalue="" target="" targetdatatype=""><accessType></accessType></param><param datatype="string" value="none" encode="false" format="" formatvalue="" name="shipCountry" order="" sms-name="" src="request" srcformatvalue="" target="" targetdatatype=""><accessType></accessType></param><param datatype="string" value="none" encode="false" format="" formatvalue="" name="shipPhoneNumber" order="" sms-name="" src="request" srcformatvalue="" target="" targetdatatype=""><accessType></accessType></param><param datatype="string" value="none" encode="false" format="" formatvalue="" name="amountStr" order="" sms-name="" src="request" srcformatvalue="" target="" targetdatatype=""><accessType></accessType></param><template-param datatype="" value="&lt;?xml version=&quot;1.0&quot; encoding=&quot;utf-8&quot;?&gt;&lt;createTransactionRequest xmlns:xsi=&quot;http://www.w3.org/2001/XMLSchema-instance&quot; xmlns:xsd=&quot;http://www.w3.org/2001/XMLSchema&quot; xmlns=&quot;AnetApi/xml/v1/schema/AnetApiSchema.xsd&quot;&gt;&lt;merchantAuthentication&gt;&lt;name&gt;$nameStr&lt;/name&gt;&lt;fingerPrint&gt;&lt;hashValue&gt;$!hashValueStr&lt;/hashValue&gt;&lt;sequence&gt;$!seq&lt;/sequence&gt;&lt;timestamp&gt;$!stamp&lt;/timestamp&gt;&lt;/fingerPrint&gt;&lt;/merchantAuthentication&gt;&lt;transactionRequest&gt;&lt;transactionType&gt;authCaptureTransaction&lt;/transactionType&gt;&lt;amount&gt;$amountStr&lt;/amount&gt;&lt;payment&gt;&lt;opaqueData&gt;&lt;dataDescriptor&gt;COMMON.APPLE.INAPP.PAYMENT&lt;/dataDescriptor&gt;&lt;dataValue&gt;$dataValueStr&lt;/dataValue&gt;&lt;/opaqueData&gt;&lt;/payment&gt;&lt;order&gt;&lt;/order&gt;&lt;lineItems&gt;&lt;lineItem&gt;&lt;itemId&gt;$itemIdVar&lt;/itemId&gt;&lt;name&gt;$nameVar&lt;/name&gt;&lt;description&gt;$descVar&lt;/description&gt;&lt;quantity&gt;$quantityVar&lt;/quantity&gt;&lt;unitPrice&gt;$unitPriceVar&lt;/unitPrice&gt;&lt;/lineItem&gt;&lt;/lineItems&gt;&lt;customer&gt;&lt;email&gt;faizan.khalidi.kony.com&lt;/email&gt;&lt;/customer&gt;&lt;billTo&gt;&lt;firstName&gt;$billFirstName&lt;/firstName&gt;&lt;lastName&gt;$billLastName&lt;/lastName&gt;&lt;address&gt;$billAddress&lt;/address&gt;&lt;city&gt;$billCity&lt;/city&gt;&lt;state&gt;$billState&lt;/state&gt;&lt;zip&gt;$billZip&lt;/zip&gt;&lt;country&gt;$billCountry&lt;/country&gt;&lt;phoneNumber&gt;$billPhoneNumber&lt;/phoneNumber&gt;&lt;/billTo&gt;&lt;shipTo&gt;&lt;firstName&gt;$shipFirstName&lt;/firstName&gt;&lt;lastName&gt;$shipLastName&lt;/lastName&gt;&lt;address&gt;$shipAddress&lt;/address&gt;&lt;city&gt;$shipCity&lt;/city&gt;&lt;state&gt;$shipState&lt;/state&gt;&lt;zip&gt;$shipZip&lt;/zip&gt;&lt;country&gt;$shipCountry&lt;/country&gt;&lt;/shipTo&gt;&lt;retail&gt;&lt;marketType&gt;0&lt;/marketType&gt;&lt;deviceType&gt;7&lt;/deviceType&gt;&lt;/retail&gt;&lt;transactionSettings&gt;&lt;/transactionSettings&gt;&lt;userFields&gt;&lt;/userFields&gt;&lt;/transactionRequest&gt;&lt;/createTransactionRequest&gt;" encode="false" format="" formatvalue="" name="message" order="" sms-name="" src="" srcformatvalue="" target="" targetdatatype=""><accessType></accessType></template-param></service-input><service-output><param datatype="number" value="" encode="false" format="None" formatvalue="" name="opstatus" order="" sms-name="" src="" srcformatvalue="" target="" targetdatatype=""><accessType></accessType></param><param datatype="string" value="" encode="false" format="None" formatvalue="" name="errmsg" order="" sms-name="" src="" srcformatvalue="" target="" targetdatatype=""><accessType></accessType></param><param datatype="number" value="" encode="false" format="None" formatvalue="" name="httpStatusCode" order="" sms-name="" src="" srcformatvalue="" target="" targetdatatype=""><accessType></accessType></param></service-output></service></services></application>