<application desc="" id="sampleApplePay" name="" smscode="">
   <app-config>
      <config-param name="APP_SMS_HEADER" value="null"/>
   </app-config>
   <services>
      <service cachable="false" cacheduration="" id="TestSer" passwordencrypted="true" smscode="" smsenabled="false" type="plainxmlserviceConnector">
         <service-config>
            <config-param name="endpointUrl" value="https://api.authorize.net/xml/v1/request.api"/>
            <config-param name="postprocessorname" value=""/>
            <config-param name="preprocessorname" value="com.kony.preprocessors.FingerPrintGeneration"/>
            <config-param name="urlprovider" value=""/>
            <config-param name="dataprovider" value=""/>
            <config-param name="sockettimeout" value=""/>
            <config-param name="includecookies" value=""/>
            <config-param name="proxyname" value=""/>
            <config-param name="proxyport" value=""/>
            <config-param name="proxyusername" value=""/>
            <config-param name="http.method" value="POST"/>
            <config-param name="isembedxmlpresent" value="false"/>
            <config-param name="ignorehttpproxy" value="false"/>
            <config-param name="responseEncoding" value="UTF-8"/>
            <config-param name="server.auth.mode" value="basic"/>
            <config-param name="server.auth.host" value=""/>
            <config-param name="server.auth.ntlm.domain" value=""/>
         </service-config>
         <service-input>
            <header>
               <param datatype="string" format="None" formatvalue="" name="Content-Type" sms-name="" src="" target="" value=""/>
            </header>
            <template-param name="message" value="&lt;?xml version=&quot;1.0&quot; encoding=&quot;utf-8&quot;?&gt;&lt;createTransactionRequest xmlns:xsi=&quot;http://www.w3.org/2001/XMLSchema-instance&quot; xmlns:xsd=&quot;http://www.w3.org/2001/XMLSchema&quot; xmlns=&quot;AnetApi/xml/v1/schema/AnetApiSchema.xsd&quot;&gt;&lt;merchantAuthentication&gt;&lt;name&gt;$nameStr&lt;/name&gt;&lt;fingerPrint&gt;&lt;hashValue&gt;$!hashValueStr&lt;/hashValue&gt;&lt;sequence&gt;$!seq&lt;/sequence&gt;&lt;timestamp&gt;$!stamp&lt;/timestamp&gt;&lt;/fingerPrint&gt;&lt;/merchantAuthentication&gt;&lt;transactionRequest&gt;&lt;transactionType&gt;authCaptureTransaction&lt;/transactionType&gt;&lt;amount&gt;$amountStr&lt;/amount&gt;&lt;payment&gt;&lt;opaqueData&gt;&lt;dataDescriptor&gt;COMMON.APPLE.INAPP.PAYMENT&lt;/dataDescriptor&gt;&lt;dataValue&gt;$dataValueStr&lt;/dataValue&gt;&lt;/opaqueData&gt;&lt;/payment&gt;&lt;order&gt;&lt;/order&gt;&lt;lineItems&gt;&lt;lineItem&gt;&lt;itemId&gt;$itemIdVar&lt;/itemId&gt;&lt;name&gt;$nameVar&lt;/name&gt;&lt;description&gt;$descVar&lt;/description&gt;&lt;quantity&gt;$quantityVar&lt;/quantity&gt;&lt;unitPrice&gt;$unitPriceVar&lt;/unitPrice&gt;&lt;/lineItem&gt;&lt;/lineItems&gt;&lt;customer&gt;&lt;email&gt;faizan.khalidi.kony.com&lt;/email&gt;&lt;/customer&gt;&lt;billTo&gt;&lt;firstName&gt;$billFirstName&lt;/firstName&gt;&lt;lastName&gt;$billLastName&lt;/lastName&gt;&lt;address&gt;$billAddress&lt;/address&gt;&lt;city&gt;$billCity&lt;/city&gt;&lt;state&gt;$billState&lt;/state&gt;&lt;zip&gt;$billZip&lt;/zip&gt;&lt;country&gt;$billCountry&lt;/country&gt;&lt;phoneNumber&gt;$billPhoneNumber&lt;/phoneNumber&gt;&lt;/billTo&gt;&lt;shipTo&gt;&lt;firstName&gt;$shipFirstName&lt;/firstName&gt;&lt;lastName&gt;$shipLastName&lt;/lastName&gt;&lt;address&gt;$shipAddress&lt;/address&gt;&lt;city&gt;$shipCity&lt;/city&gt;&lt;state&gt;$shipState&lt;/state&gt;&lt;zip&gt;$shipZip&lt;/zip&gt;&lt;country&gt;$shipCountry&lt;/country&gt;&lt;/shipTo&gt;&lt;retail&gt;&lt;marketType&gt;0&lt;/marketType&gt;&lt;deviceType&gt;7&lt;/deviceType&gt;&lt;/retail&gt;&lt;transactionSettings&gt;&lt;/transactionSettings&gt;&lt;userFields&gt;&lt;/userFields&gt;&lt;/transactionRequest&gt;&lt;/createTransactionRequest&gt;"/>
            <param datatype="string" encode="false" name="nameStr" sms-name="" src="request" value="venkatd"/>
            <param datatype="string" encode="false" name="dataValueStr" sms-name="" src="request" value="saddalad"/>
            <param datatype="string" encode="false" name="hashValueStr" sms-name="" src="request" value="none"/>
            <param datatype="string" encode="false" name="seq" sms-name="" src="request" value="none"/>
            <param datatype="string" encode="false" name="stamp" sms-name="" src="request" value="none"/>
            <param datatype="string" encode="false" name="itemIdVar" sms-name="" src="request" value="none"/>
            <param datatype="string" encode="false" name="nameVar" sms-name="" src="request" value="none"/>
            <param datatype="string" encode="false" name="descVar" sms-name="" src="request" value="none"/>
            <param datatype="string" encode="false" name="quantityVar" sms-name="" src="request" value="none"/>
            <param datatype="string" encode="false" name="unitPriceVar" sms-name="" src="request" value="none"/>
            <param datatype="string" encode="false" name="billFirstName" sms-name="" src="request" value="none"/>
            <param datatype="string" encode="false" name="billLastName" sms-name="" src="request" value="none"/>
            <param datatype="string" encode="false" name="billAddress" sms-name="" src="request" value="none"/>
            <param datatype="string" encode="false" name="billCity" sms-name="" src="request" value="none"/>
            <param datatype="string" encode="false" name="billState" sms-name="" src="request" value="none"/>
            <param datatype="string" encode="false" name="billZip" sms-name="" src="request" value="none"/>
            <param datatype="string" encode="false" name="billCountry" sms-name="" src="request" value="none"/>
            <param datatype="string" encode="false" name="billPhoneNumber" sms-name="" src="request" value="none"/>
            <param datatype="string" encode="false" name="shipFirstName" sms-name="" src="request" value="none"/>
            <param datatype="string" encode="false" name="shipLastName" sms-name="" src="request" value="none"/>
            <param datatype="string" encode="false" name="shipAddress" sms-name="" src="request" value="none"/>
            <param datatype="string" encode="false" name="shipCity" sms-name="" src="request" value="none"/>
            <param datatype="string" encode="false" name="shipState" sms-name="" src="request" value="none"/>
            <param datatype="string" encode="false" name="shipZip" sms-name="" src="request" value="none"/>
            <param datatype="string" encode="false" name="shipCountry" sms-name="" src="request" value="none"/>
            <param datatype="string" encode="false" name="shipPhoneNumber" sms-name="" src="request" value="none"/>
            <param datatype="string" encode="false" name="amountStr" sms-name="" src="request" value="none"/>
         </service-input>
         <service-output>
            <param datatype="number" format="None" formatvalue="" name="opstatus" sms-name="" src="" target=""/>
            <param datatype="string" format="None" formatvalue="" name="errmsg" sms-name="" src="" target=""/>
            <param datatype="number" format="None" formatvalue="" name="httpStatusCode" sms-name="" src="" target=""/>
         </service-output>
      </service>
   </services>
</application>
